[{"model": "accounts.user", "pk": 1, "fields": {"password": "pbkdf2_sha256$36000$lNFyaZRnJDnI$ISmACBvahpCljxX5SIn59YFhgBWDX0ndUdvNqD1OyPQ=", "last_login": "2018-04-16T11:03:09.269Z", "email": "tamanna.arora@netsolutions.com", "fb_id": null, "firstname": "tamanna", "lastname": "arora", "mobile_number": null, "address": null, "is_staff": true, "is_active": true, "is_superuser": true, "create_date": "2018-03-19T10:56:03.608Z", "modify_date": "2018-03-23T06:54:53.876Z", "is_app_user": false, "groups": [], "user_permissions": []}}, {"model": "accounts.user", "pk": 2, "fields": {"password": "", "last_login": null, "email": "Bookwis@its0k.com", "fb_id": null, "firstname": "test", "lastname": "user", "mobile_number": null, "address": null, "is_staff": false, "is_active": false, "is_superuser": false, "create_date": "2018-04-04T12:53:38.317Z", "modify_date": "2018-04-04T12:53:38.507Z", "is_app_user": false, "groups": [], "user_permissions": []}}, {"model": "accounts.user", "pk": 3, "fields": {"password": "", "last_login": null, "email": "Bookwise@its0k.com", "fb_id": null, "firstname": "test", "lastname": "user", "mobile_number": null, "address": null, "is_staff": false, "is_active": false, "is_superuser": false, "create_date": "2018-04-05T12:11:39.672Z", "modify_date": "2018-04-05T12:11:39.757Z", "is_app_user": false, "groups": [], "user_permissions": []}}, {"model": "accounts.user", "pk": 4, "fields": {"password": "", "last_login": null, "email": "Book@its0k.com", "fb_id": null, "firstname": "test", "lastname": "user", "mobile_number": null, "address": null, "is_staff": false, "is_active": false, "is_superuser": false, "create_date": "2018-04-05T13:20:09.134Z", "modify_date": "2018-04-05T13:20:09.195Z", "is_app_user": false, "groups": [], "user_permissions": []}}, {"model": "accounts.user", "pk": 5, "fields": {"password": "pbkdf2_sha256$36000$3d4k5GVyXkrP$BfGfF1zqaYVnQENqVDStBFx6dh3fhnqmk4XMJJsNIzo=", "last_login": null, "email": "einstein.prince@gmail.com", "fb_id": null, "firstname": "sUKHPREET", "lastname": "SINGH", "mobile_number": "7562967217", "address": null, "is_staff": false, "is_active": true, "is_superuser": false, "create_date": "2018-04-05T13:37:00.058Z", "modify_date": "2018-04-06T06:34:31.087Z", "is_app_user": false, "groups": [], "user_permissions": []}}, {"model": "accounts.user", "pk": 6, "fields": {"password": "pbkdf2_sha256$36000$Xa72BcMLUdN6$B5gVIMPYcsRsGAF8SidVgIFvE6Mdl1e5at9xrAybUvI=", "last_login": null, "email": "book1@its0k.com", "fb_id": null, "firstname": "ananya", "lastname": "sharma", "mobile_number": "7562967217", "address": null, "is_staff": false, "is_active": true, "is_superuser": false, "create_date": "2018-04-05T13:44:03.630Z", "modify_date": "2018-04-05T13:45:04.321Z", "is_app_user": false, "groups": [], "user_permissions": []}}, {"model": "accounts.user", "pk": 7, "fields": {"password": "", "last_login": null, "email": "Book2@its0k.com", "fb_id": null, "firstname": "test", "lastname": "user", "mobile_number": null, "address": null, "is_staff": false, "is_active": false, "is_superuser": false, "create_date": "2018-04-05T13:47:06.020Z", "modify_date": "2018-04-05T13:47:06.048Z", "is_app_user": false, "groups": [], "user_permissions": []}}, {"model": "accounts.user", "pk": 8, "fields": {"password": "", "last_login": null, "email": "Hello@its0k.com", "fb_id": null, "firstname": "test", "lastname": "user", "mobile_number": null, "address": null, "is_staff": false, "is_active": false, "is_superuser": false, "create_date": "2018-04-06T04:38:37.182Z", "modify_date": "2018-04-06T04:38:37.298Z", "is_app_user": false, "groups": [], "user_permissions": []}}, {"model": "accounts.user", "pk": 9, "fields": {"password": "pbkdf2_sha256$36000$viG8lyX34ofW$Ob+nbhTmFQUwConegvPIk9SipNo/OEl80gKFvF5XIiI=", "last_login": null, "email": "Test@its0k.com", "fb_id": null, "firstname": "hfhgfhg", "lastname": "hfhfh", "mobile_number": "7562967217", "address": null, "is_staff": false, "is_active": true, "is_superuser": false, "create_date": "2018-04-06T04:44:47.292Z", "modify_date": "2018-04-06T04:49:21.222Z", "is_app_user": false, "groups": [], "user_permissions": []}}, {"model": "accounts.user", "pk": 10, "fields": {"password": "pbkdf2_sha256$36000$NYF3aUSQKQaC$hOqz70vjI1Dc9fodcWt0SVjbhlaILDboMdpHlWg2XY8=", "last_login": null, "email": "Abc@its0k.com", "fb_id": null, "firstname": "Ghg", "lastname": "Gfgf", "mobile_number": "8790675890", "address": null, "is_staff": false, "is_active": true, "is_superuser": false, "create_date": "2018-04-06T05:01:28.960Z", "modify_date": "2018-04-06T05:09:43.281Z", "is_app_user": false, "groups": [], "user_permissions": []}}, {"model": "accounts.user", "pk": 11, "fields": {"password": "pbkdf2_sha256$36000$Yz2asAuoTVgF$OaSLSwVzfpYDtpIiwB5BYrLvfdADO+t2+7kGtokFhxE=", "last_login": null, "email": "Xyz@its0k.com", "fb_id": null, "firstname": "Gf", "lastname": "Gfg", "mobile_number": "8907689056", "address": null, "is_staff": false, "is_active": true, "is_superuser": false, "create_date": "2018-04-06T05:58:09.161Z", "modify_date": "2018-04-06T06:59:08.172Z", "is_app_user": false, "groups": [], "user_permissions": []}}, {"model": "accounts.user", "pk": 12, "fields": {"password": "pbkdf2_sha256$36000$dH86s3MZjKvO$EL94DpmEtg04EaPRFBdS0r0Dw2qJ8L/Wdo+maL8rNmo=", "last_login": null, "email": "Pqr@its0k.com", "fb_id": null, "firstname": "Gfg", "lastname": "Gfgf", "mobile_number": "8790678906", "address": null, "is_staff": false, "is_active": true, "is_superuser": false, "create_date": "2018-04-06T06:25:48.648Z", "modify_date": "2018-04-06T06:26:13.289Z", "is_app_user": false, "groups": [], "user_permissions": []}}, {"model": "accounts.user", "pk": 13, "fields": {"password": "", "last_login": null, "email": "Test@not0k.com", "fb_id": null, "firstname": "test", "lastname": "user", "mobile_number": null, "address": null, "is_staff": false, "is_active": false, "is_superuser": false, "create_date": "2018-04-09T10:28:10.884Z", "modify_date": "2018-04-09T10:28:11.017Z", "is_app_user": false, "groups": [], "user_permissions": []}}, {"model": "accounts.user", "pk": 14, "fields": {"password": "pbkdf2_sha256$36000$y5R1EkjaThei$omOuHDEqT2J6H+AjknDoKM13R28sObyvN5VTDppSnlk=", "last_login": null, "email": "Aas@not0k.com", "fb_id": null, "firstname": "Ad", "lastname": "Addskjh", "mobile_number": "9569557833", "address": null, "is_staff": false, "is_active": true, "is_superuser": false, "create_date": "2018-04-09T11:41:21.088Z", "modify_date": "2018-04-09T12:49:13.638Z", "is_app_user": false, "groups": [], "user_permissions": []}}, {"model": "accounts.user", "pk": 15, "fields": {"password": "pbkdf2_sha256$36000$Tjhgpb0c2qLZ$TbeOiOhhP9h9a/UqN2uMssyw8Xc5zEtlY8XwSsrAaNA=", "last_login": null, "email": "Aar@0hboy.com", "fb_id": null, "firstname": "Sad", "lastname": "Eww", "mobile_number": "9569557833", "address": null, "is_staff": false, "is_active": true, "is_superuser": false, "create_date": "2018-04-10T06:09:41.251Z", "modify_date": "2018-04-10T06:10:21.365Z", "is_app_user": false, "groups": [], "user_permissions": []}}, {"model": "accounts.user", "pk": 24, "fields": {"password": "", "last_login": "2018-04-16T05:53:26.405Z", "email": "1112367@fb.com", "fb_id": "['1112367']", "firstname": "['rajan']", "lastname": "['singh']", "mobile_number": "['129723862']", "address": null, "is_staff": false, "is_active": false, "is_superuser": false, "create_date": "2018-04-16T05:53:26.313Z", "modify_date": "2018-04-16T05:53:26.313Z", "is_app_user": false, "groups": [], "user_permissions": []}}, {"model": "accounts.user", "pk": 25, "fields": {"password": "", "last_login": "2018-04-16T05:56:02.031Z", "email": "1112310@fb.com", "fb_id": "['1112310']", "firstname": "['rajan']", "lastname": "['singh']", "mobile_number": "['129723862']", "address": null, "is_staff": false, "is_active": false, "is_superuser": false, "create_date": "2018-04-16T05:55:27.543Z", "modify_date": "2018-04-16T05:55:27.543Z", "is_app_user": false, "groups": [], "user_permissions": []}}, {"model": "accounts.user", "pk": 27, "fields": {"password": "", "last_login": "2018-04-16T06:01:31.323Z", "email": "1112319@fb.com", "fb_id": "['1112319']", "firstname": "['rajan']", "lastname": "['singh']", "mobile_number": "['129723862']", "address": null, "is_staff": false, "is_active": false, "is_superuser": false, "create_date": "2018-04-16T06:01:31.263Z", "modify_date": "2018-04-16T06:01:31.263Z", "is_app_user": false, "groups": [], "user_permissions": []}}, {"model": "accounts.user", "pk": 30, "fields": {"password": "", "last_login": "2018-04-16T06:05:36.365Z", "email": "1112332@fb.com", "fb_id": "['1112332']", "firstname": "['rajan']", "lastname": "['singh']", "mobile_number": "['129723862']", "address": null, "is_staff": false, "is_active": false, "is_superuser": false, "create_date": "2018-04-16T06:05:36.340Z", "modify_date": "2018-04-16T06:05:36.340Z", "is_app_user": false, "groups": [], "user_permissions": []}}, {"model": "accounts.user", "pk": 32, "fields": {"password": "", "last_login": "2018-04-16T06:30:25.293Z", "email": "12447888@fb.com", "fb_id": "12447888", "firstname": "rajan", "lastname": "singh", "mobile_number": "129723862", "address": null, "is_staff": false, "is_active": false, "is_superuser": false, "create_date": "2018-04-16T06:12:47.191Z", "modify_date": "2018-04-16T06:12:47.191Z", "is_app_user": false, "groups": [], "user_permissions": []}}, {"model": "accounts.user", "pk": 33, "fields": {"password": "", "last_login": "2018-04-16T06:31:59.358Z", "email": "8742347203@fb.com", "fb_id": "8742347203", "firstname": "Ananya", "lastname": "Sharma", "mobile_number": "589045086", "address": null, "is_staff": false, "is_active": false, "is_superuser": false, "create_date": "2018-04-16T06:31:42.809Z", "modify_date": "2018-04-16T06:31:42.809Z", "is_app_user": false, "groups": [], "user_permissions": []}}, {"model": "accounts.user", "pk": 34, "fields": {"password": "pbkdf2_sha256$36000$sZIPAe77ePOq$uyYwlmOxVzCRD7yl8QwpAdX0M8Bq+WCF2dAdbc9WAmU=", "last_login": null, "email": "Mybook@0hdear.com", "fb_id": null, "firstname": "Try", "lastname": "Ghghg", "mobile_number": "9807654323", "address": null, "is_staff": false, "is_active": true, "is_superuser": false, "create_date": "2018-04-16T07:46:59.406Z", "modify_date": "2018-04-16T07:50:51.662Z", "is_app_user": false, "groups": [], "user_permissions": []}}, {"model": "accounts.user", "pk": 71, "fields": {"password": "pbkdf2_sha256$36000$qVF1KWtsokJk$O7awpNPJBWOyOn97uMbWCjzzmCf+Wf50iAXaFBLK74g=", "last_login": "2018-03-26T06:12:09Z", "email": "ananya.sharma@netsolutions.com", "fb_id": null, "firstname": "Ananya", "lastname": "Sharma", "mobile_number": null, "address": null, "is_staff": true, "is_active": true, "is_superuser": false, "create_date": "2018-03-26T06:11:30.052Z", "modify_date": "2018-03-26T06:12:16.632Z", "is_app_user": true, "groups": [], "user_permissions": []}}, {"model": "accounts.user", "pk": 83, "fields": {"password": "", "last_login": null, "email": "ananyaa1673@gmail.com", "fb_id": null, "firstname": "", "lastname": "", "mobile_number": null, "address": null, "is_staff": false, "is_active": false, "is_superuser": false, "create_date": "2018-03-26T10:24:53.758Z", "modify_date": "2018-03-26T10:24:53.830Z", "is_app_user": false, "groups": [], "user_permissions": []}}, {"model": "accounts.user", "pk": 98, "fields": {"password": "pbkdf2_sha256$36000$GQZB0xfruViA$pKlk/kHKh8EOXRrmgTtHOzyQ6wLLmzz+Q8cAvdKzUkg=", "last_login": null, "email": "rajan.singh@netsolutions.com", "fb_id": null, "firstname": "rajuuuu", "lastname": "kumarrr", "mobile_number": "9783721890", "address": null, "is_staff": false, "is_active": true, "is_superuser": false, "create_date": "2018-03-27T07:03:02.523Z", "modify_date": "2018-04-16T09:18:01.652Z", "is_app_user": false, "groups": [], "user_permissions": []}}, {"model": "accounts.user", "pk": 99, "fields": {"password": "pbkdf2_sha256$36000$C8d4Xr63l1GX$opBu4sfAcsmtuMhCHxtTqyH6x6rJ3Ye8IoHWohd3iB4=", "last_login": null, "email": "sharmaananya673@gmail.com", "fb_id": null, "firstname": "ananya", "lastname": "sharma", "mobile_number": "7562967217", "address": null, "is_staff": false, "is_active": true, "is_superuser": false, "create_date": "2018-03-27T07:33:23.195Z", "modify_date": "2018-04-12T06:51:45.494Z", "is_app_user": false, "groups": [], "user_permissions": []}}, {"model": "accounts.user", "pk": 100, "fields": {"password": "pbkdf2_sha256$36000$jV2YJHMSlaH0$z5e7r6FYGvyWyfvk/07RrbF18ATlPpOAUfGyJ85Wot0=", "last_login": null, "email": "jamile.haziq@its0k.com", "fb_id": null, "firstname": "ananya", "lastname": "sharma", "mobile_number": "7562967217", "address": null, "is_staff": false, "is_active": true, "is_superuser": false, "create_date": "2018-03-27T08:46:51.645Z", "modify_date": "2018-03-27T08:53:00.617Z", "is_app_user": false, "groups": [], "user_permissions": []}}, {"model": "accounts.user", "pk": 101, "fields": {"password": "", "last_login": null, "email": "bookywookytest@its0k.com", "fb_id": null, "firstname": "test", "lastname": "user", "mobile_number": null, "address": null, "is_staff": false, "is_active": false, "is_superuser": false, "create_date": "2018-03-27T08:55:39.135Z", "modify_date": "2018-03-27T08:55:39.147Z", "is_app_user": false, "groups": [], "user_permissions": []}}, {"model": "accounts.user", "pk": 102, "fields": {"password": "pbkdf2_sha256$36000$YhVOESDECGS3$q44HIS8bNiZ/7DDwPbFbEKr2LSFKy78EZg8RrD6Nn+U=", "last_login": null, "email": "bookywooky@its0k.com", "fb_id": null, "firstname": "ananya", "lastname": "sharma", "mobile_number": "7562967217", "address": null, "is_staff": false, "is_active": true, "is_superuser": false, "create_date": "2018-03-27T09:02:14.242Z", "modify_date": "2018-03-27T09:03:38.791Z", "is_app_user": false, "groups": [], "user_permissions": []}}, {"model": "accounts.user", "pk": 103, "fields": {"password": "", "last_login": null, "email": "booky@its0k.com", "fb_id": null, "firstname": "test", "lastname": "user", "mobile_number": null, "address": null, "is_staff": false, "is_active": false, "is_superuser": false, "create_date": "2018-03-27T12:45:04.422Z", "modify_date": "2018-03-27T12:45:04.533Z", "is_app_user": false, "groups": [], "user_permissions": []}}, {"model": "accounts.user", "pk": 104, "fields": {"password": "", "last_login": null, "email": "bookhgjhgy@its0k.com", "fb_id": null, "firstname": "test", "lastname": "user", "mobile_number": null, "address": null, "is_staff": false, "is_active": false, "is_superuser": false, "create_date": "2018-03-27T12:51:24.449Z", "modify_date": "2018-03-27T12:51:24.459Z", "is_app_user": false, "groups": [], "user_permissions": []}}, {"model": "accounts.user", "pk": 105, "fields": {"password": "", "last_login": null, "email": "test@test.in", "fb_id": null, "firstname": "test", "lastname": "user", "mobile_number": null, "address": null, "is_staff": false, "is_active": false, "is_superuser": false, "create_date": "2018-03-27T13:18:15.567Z", "modify_date": "2018-03-27T13:18:15.597Z", "is_app_user": false, "groups": [], "user_permissions": []}}, {"model": "accounts.user", "pk": 106, "fields": {"password": "", "last_login": null, "email": "aarishgumber@gmail.com", "fb_id": null, "firstname": "test", "lastname": "user", "mobile_number": null, "address": null, "is_staff": false, "is_active": false, "is_superuser": false, "create_date": "2018-03-27T13:30:22.173Z", "modify_date": "2018-03-27T13:30:22.183Z", "is_app_user": false, "groups": [], "user_permissions": []}}, {"model": "accounts.user", "pk": 107, "fields": {"password": "", "last_login": null, "email": "aaroshgumber@gmail.com", "fb_id": null, "firstname": "test", "lastname": "user", "mobile_number": null, "address": null, "is_staff": false, "is_active": false, "is_superuser": false, "create_date": "2018-03-27T13:40:24.935Z", "modify_date": "2018-03-27T13:40:24.975Z", "is_app_user": false, "groups": [], "user_permissions": []}}, {"model": "accounts.user", "pk": 108, "fields": {"password": "", "last_login": null, "email": "booky1@its0k.com", "fb_id": null, "firstname": "test", "lastname": "user", "mobile_number": null, "address": null, "is_staff": false, "is_active": false, "is_superuser": false, "create_date": "2018-03-27T13:42:40.863Z", "modify_date": "2018-03-27T13:42:40.930Z", "is_app_user": false, "groups": [], "user_permissions": []}}, {"model": "accounts.user", "pk": 109, "fields": {"password": "", "last_login": null, "email": "bookywhooky@its0k.com", "fb_id": null, "firstname": "test", "lastname": "user", "mobile_number": null, "address": null, "is_staff": false, "is_active": false, "is_superuser": false, "create_date": "2018-03-27T14:16:50.462Z", "modify_date": "2018-03-27T14:16:50.492Z", "is_app_user": false, "groups": [], "user_permissions": []}}, {"model": "accounts.user", "pk": 110, "fields": {"password": "", "last_login": null, "email": "bookywooky2@its0k.com", "fb_id": null, "firstname": "test", "lastname": "user", "mobile_number": null, "address": null, "is_staff": false, "is_active": false, "is_superuser": false, "create_date": "2018-03-27T14:19:28.355Z", "modify_date": "2018-03-27T14:19:28.359Z", "is_app_user": false, "groups": [], "user_permissions": []}}, {"model": "accounts.user", "pk": 111, "fields": {"password": "", "last_login": null, "email": "booky3@its0k.com", "fb_id": null, "firstname": "test", "lastname": "user", "mobile_number": null, "address": null, "is_staff": false, "is_active": false, "is_superuser": false, "create_date": "2018-03-27T14:37:27.896Z", "modify_date": "2018-03-27T14:37:27.906Z", "is_app_user": false, "groups": [], "user_permissions": []}}, {"model": "accounts.user", "pk": 112, "fields": {"password": "", "last_login": null, "email": "book3@its0k.com", "fb_id": null, "firstname": "test", "lastname": "user", "mobile_number": null, "address": null, "is_staff": false, "is_active": false, "is_superuser": false, "create_date": "2018-03-27T14:46:50.070Z", "modify_date": "2018-03-27T14:46:50.110Z", "is_app_user": false, "groups": [], "user_permissions": []}}, {"model": "accounts.user", "pk": 113, "fields": {"password": "", "last_login": null, "email": "booky4@its0k.com", "fb_id": null, "firstname": "test", "lastname": "user", "mobile_number": null, "address": null, "is_staff": false, "is_active": false, "is_superuser": false, "create_date": "2018-03-27T14:50:50.702Z", "modify_date": "2018-03-27T14:50:50.742Z", "is_app_user": false, "groups": [], "user_permissions": []}}, {"model": "accounts.user", "pk": 114, "fields": {"password": "pbkdf2_sha256$36000$6It6sw0Yj7Aq$doV5DJfmYFTwTngS0PCrOffmom45uGoZhzpUacJPSPc=", "last_login": null, "email": "Tes@its0k.com", "fb_id": null, "firstname": "ananya", "lastname": "sharma", "mobile_number": "7562967217", "address": null, "is_staff": false, "is_active": true, "is_superuser": false, "create_date": "2018-03-28T04:41:17.910Z", "modify_date": "2018-03-28T05:50:49.577Z", "is_app_user": false, "groups": [], "user_permissions": []}}, {"model": "accounts.user", "pk": 115, "fields": {"password": "", "last_login": null, "email": "New@its0k.com", "fb_id": null, "firstname": "test", "lastname": "user", "mobile_number": null, "address": null, "is_staff": false, "is_active": false, "is_superuser": false, "create_date": "2018-03-28T05:58:11.453Z", "modify_date": "2018-03-28T05:58:11.483Z", "is_app_user": false, "groups": [], "user_permissions": []}}, {"model": "accounts.user", "pk": 116, "fields": {"password": "", "last_login": null, "email": "sharmaananya73@gmail.com", "fb_id": null, "firstname": "test", "lastname": "user", "mobile_number": null, "address": null, "is_staff": false, "is_active": false, "is_superuser": false, "create_date": "2018-03-28T06:21:53.560Z", "modify_date": "2018-03-28T06:21:53.595Z", "is_app_user": false, "groups": [], "user_permissions": []}}, {"model": "accounts.usersecuritytoken", "pk": 1, "fields": {"user": 98, "token": "5959", "token_type": 3, "extras": "rajan.singh@netsolutions.com", "expire_date": "2018-04-16T09:02:45.048Z"}}, {"model": "accounts.usersecuritytoken", "pk": 2, "fields": {"user": 98, "token": "3751", "token_type": 3, "extras": "rajan.singh@netsolutions.com", "expire_date": "2018-04-16T09:02:45.048Z"}}, {"model": "accounts.usersecuritytoken", "pk": 3, "fields": {"user": 98, "token": "8672", "token_type": 3, "extras": "rajan.singh@netsolutions.com", "expire_date": "2018-04-16T09:02:45.048Z"}}, {"model": "accounts.usersecuritytoken", "pk": 4, "fields": {"user": 98, "token": "2059", "token_type": 3, "extras": "rajan.singh@netsolutions.com", "expire_date": "2018-04-16T09:02:45.048Z"}}, {"model": "accounts.usersecuritytoken", "pk": 5, "fields": {"user": 98, "token": "5151", "token_type": 3, "extras": "rajan.singh@netsolutions.com", "expire_date": "2018-04-16T09:02:45.048Z"}}, {"model": "accounts.usersecuritytoken", "pk": 6, "fields": {"user": 98, "token": "1726", "token_type": 4, "extras": "rajan.singh@netsolutions.com", "expire_date": "2018-04-04T13:06:53.028Z"}}, {"model": "accounts.usersecuritytoken", "pk": 7, "fields": {"user": 98, "token": "6934", "token_type": 3, "extras": "rajan.singh@netsolutions.com", "expire_date": "2018-04-16T09:02:45.048Z"}}, {"model": "accounts.usersecuritytoken", "pk": 8, "fields": {"user": 98, "token": "9113", "token_type": 4, "extras": "rajan.singh@netsolutions.com", "expire_date": "2018-04-04T13:18:30.247Z"}}, {"model": "accounts.usersecuritytoken", "pk": 9, "fields": {"user": 2, "token": "8220", "token_type": 2, "extras": "Bookwis@its0k.com", "expire_date": "2018-04-04T12:54:56.050Z"}}, {"model": "accounts.usersecuritytoken", "pk": 10, "fields": {"user": 2, "token": "5499", "token_type": 4, "extras": "Bookwis@its0k.com", "expire_date": "2018-04-04T14:54:56.050Z"}}, {"model": "accounts.usersecuritytoken", "pk": 11, "fields": {"user": 3, "token": "3937", "token_type": 2, "extras": "Bookwise@its0k.com", "expire_date": "2018-04-05T12:12:09.434Z"}}, {"model": "accounts.usersecuritytoken", "pk": 12, "fields": {"user": 3, "token": "3988", "token_type": 4, "extras": "Bookwise@its0k.com", "expire_date": "2018-04-05T14:12:09.434Z"}}, {"model": "accounts.usersecuritytoken", "pk": 13, "fields": {"user": 3, "token": "9967", "token_type": 2, "extras": "Bookwise@its0k.com", "expire_date": "2018-04-05T14:19:43.051Z"}}, {"model": "accounts.usersecuritytoken", "pk": 14, "fields": {"user": 3, "token": "9757", "token_type": 2, "extras": "Bookwise@its0k.com", "expire_date": "2018-04-05T12:20:36.841Z"}}, {"model": "accounts.usersecuritytoken", "pk": 15, "fields": {"user": 3, "token": "8550", "token_type": 4, "extras": "Bookwise@its0k.com", "expire_date": "2018-04-05T14:20:36.847Z"}}, {"model": "accounts.usersecuritytoken", "pk": 16, "fields": {"user": 3, "token": "9861", "token_type": 2, "extras": "Bookwise@its0k.com", "expire_date": "2018-04-05T12:24:01.905Z"}}, {"model": "accounts.usersecuritytoken", "pk": 17, "fields": {"user": 3, "token": "4217", "token_type": 4, "extras": "Bookwise@its0k.com", "expire_date": "2018-04-05T14:24:01.910Z"}}, {"model": "accounts.usersecuritytoken", "pk": 18, "fields": {"user": 3, "token": "3567", "token_type": 2, "extras": "Bookwise@its0k.com", "expire_date": "2018-04-05T12:26:45.864Z"}}, {"model": "accounts.usersecuritytoken", "pk": 19, "fields": {"user": 3, "token": "4625", "token_type": 4, "extras": "Bookwise@its0k.com", "expire_date": "2018-04-05T14:26:45.874Z"}}, {"model": "accounts.usersecuritytoken", "pk": 20, "fields": {"user": 3, "token": "1432", "token_type": 2, "extras": "Bookwise@its0k.com", "expire_date": "2018-04-05T12:28:59.183Z"}}, {"model": "accounts.usersecuritytoken", "pk": 21, "fields": {"user": 3, "token": "1486", "token_type": 4, "extras": "Bookwise@its0k.com", "expire_date": "2018-04-05T14:28:59.183Z"}}, {"model": "accounts.usersecuritytoken", "pk": 22, "fields": {"user": 3, "token": "5163", "token_type": 2, "extras": "Bookwise@its0k.com", "expire_date": "2018-04-05T12:32:10.709Z"}}, {"model": "accounts.usersecuritytoken", "pk": 23, "fields": {"user": 3, "token": "2624", "token_type": 4, "extras": "Bookwise@its0k.com", "expire_date": "2018-04-05T14:32:10.715Z"}}, {"model": "accounts.usersecuritytoken", "pk": 24, "fields": {"user": 3, "token": "3966", "token_type": 2, "extras": "Bookwise@its0k.com", "expire_date": "2018-04-05T13:13:37.032Z"}}, {"model": "accounts.usersecuritytoken", "pk": 25, "fields": {"user": 3, "token": "8288", "token_type": 4, "extras": "Bookwise@its0k.com", "expire_date": "2018-04-05T15:13:37.037Z"}}, {"model": "accounts.usersecuritytoken", "pk": 26, "fields": {"user": 4, "token": "2732", "token_type": 2, "extras": "Book@its0k.com", "expire_date": "2018-04-05T13:20:32.193Z"}}, {"model": "accounts.usersecuritytoken", "pk": 27, "fields": {"user": 4, "token": "9084", "token_type": 4, "extras": "Book@its0k.com", "expire_date": "2018-04-05T15:20:32.244Z"}}, {"model": "accounts.usersecuritytoken", "pk": 28, "fields": {"user": 4, "token": "9981", "token_type": 2, "extras": "Book@its0k.com", "expire_date": "2018-04-05T13:24:08.350Z"}}, {"model": "accounts.usersecuritytoken", "pk": 29, "fields": {"user": 4, "token": "4432", "token_type": 4, "extras": "Book@its0k.com", "expire_date": "2018-04-05T15:24:08.355Z"}}, {"model": "accounts.usersecuritytoken", "pk": 30, "fields": {"user": 4, "token": "8433", "token_type": 2, "extras": "book@its0k.com", "expire_date": "2018-04-05T13:29:29.778Z"}}, {"model": "accounts.usersecuritytoken", "pk": 31, "fields": {"user": null, "token": "3169", "token_type": 4, "extras": "book@its0k.com", "expire_date": "2018-04-05T15:29:29.782Z"}}, {"model": "accounts.usersecuritytoken", "pk": 32, "fields": {"user": 5, "token": "5130", "token_type": 2, "extras": "einstein.prince@gmail.com", "expire_date": "2018-04-05T13:37:28.318Z"}}, {"model": "accounts.usersecuritytoken", "pk": 33, "fields": {"user": 5, "token": "7802", "token_type": 4, "extras": "einstein.prince@gmail.com", "expire_date": "2018-04-05T15:37:28.322Z"}}, {"model": "accounts.usersecuritytoken", "pk": 34, "fields": {"user": 4, "token": "9888", "token_type": 2, "extras": "book@its0k.com", "expire_date": "2018-04-05T13:41:00.903Z"}}, {"model": "accounts.usersecuritytoken", "pk": 35, "fields": {"user": null, "token": "3908", "token_type": 4, "extras": "book@its0k.com", "expire_date": "2018-04-05T15:41:00.924Z"}}, {"model": "accounts.usersecuritytoken", "pk": 36, "fields": {"user": 6, "token": "6461", "token_type": 2, "extras": "book1@its0k.com", "expire_date": "2018-04-05T13:44:46.765Z"}}, {"model": "accounts.usersecuritytoken", "pk": 37, "fields": {"user": 6, "token": "6921", "token_type": 4, "extras": "book1@its0k.com", "expire_date": "2018-04-05T15:44:46.771Z"}}, {"model": "accounts.usersecuritytoken", "pk": 38, "fields": {"user": 7, "token": "3609", "token_type": 2, "extras": "Book2@its0k.com", "expire_date": "2018-04-05T13:47:33.240Z"}}, {"model": "accounts.usersecuritytoken", "pk": 39, "fields": {"user": 7, "token": "8188", "token_type": 4, "extras": "Book2@its0k.com", "expire_date": "2018-04-05T15:47:33.245Z"}}, {"model": "accounts.usersecuritytoken", "pk": 40, "fields": {"user": 112, "token": "6384", "token_type": 2, "extras": "Book3@its0k.com", "expire_date": "2018-04-05T13:52:47.172Z"}}, {"model": "accounts.usersecuritytoken", "pk": 41, "fields": {"user": null, "token": "9669", "token_type": 4, "extras": "Book3@its0k.com", "expire_date": "2018-04-05T15:52:47.177Z"}}, {"model": "accounts.usersecuritytoken", "pk": 42, "fields": {"user": 8, "token": "9395", "token_type": 2, "extras": "Hello@its0k.com", "expire_date": "2018-04-06T04:40:34.520Z"}}, {"model": "accounts.usersecuritytoken", "pk": 43, "fields": {"user": 8, "token": "2576", "token_type": 4, "extras": "Hello@its0k.com", "expire_date": "2018-04-06T06:40:34.526Z"}}, {"model": "accounts.usersecuritytoken", "pk": 44, "fields": {"user": 9, "token": "8679", "token_type": 2, "extras": "Test@its0k.com", "expire_date": "2018-04-06T04:47:02.101Z"}}, {"model": "accounts.usersecuritytoken", "pk": 45, "fields": {"user": 9, "token": "7431", "token_type": 4, "extras": "Test@its0k.com", "expire_date": "2018-04-06T06:47:02.164Z"}}, {"model": "accounts.usersecuritytoken", "pk": 46, "fields": {"user": 10, "token": "5457", "token_type": 2, "extras": "Abc@its0k.com", "expire_date": "2018-04-06T05:03:35.829Z"}}, {"model": "accounts.usersecuritytoken", "pk": 47, "fields": {"user": 10, "token": "7241", "token_type": 4, "extras": "Abc@its0k.com", "expire_date": "2018-04-06T07:03:35.840Z"}}, {"model": "accounts.usersecuritytoken", "pk": 48, "fields": {"user": 10, "token": "4033", "token_type": 3, "extras": "abc@its0k.com", "expire_date": "2018-04-06T05:53:15.888Z"}}, {"model": "accounts.usersecuritytoken", "pk": 49, "fields": {"user": null, "token": "7894", "token_type": 4, "extras": "abc@its0k.com", "expire_date": "2018-04-06T07:09:02.867Z"}}, {"model": "accounts.usersecuritytoken", "pk": 50, "fields": {"user": 10, "token": "8391", "token_type": 3, "extras": "abc@its0k.com", "expire_date": "2018-04-06T07:53:15.848Z"}}, {"model": "accounts.usersecuritytoken", "pk": 51, "fields": {"user": 11, "token": "9130", "token_type": 2, "extras": "Xyz@its0k.com", "expire_date": "2018-04-06T05:58:42.488Z"}}, {"model": "accounts.usersecuritytoken", "pk": 52, "fields": {"user": 11, "token": "7794", "token_type": 4, "extras": "Xyz@its0k.com", "expire_date": "2018-04-06T07:58:42.492Z"}}, {"model": "accounts.usersecuritytoken", "pk": 53, "fields": {"user": 12, "token": "2648", "token_type": 2, "extras": "Pqr@its0k.com", "expire_date": "2018-04-06T06:26:12.981Z"}}, {"model": "accounts.usersecuritytoken", "pk": 54, "fields": {"user": 12, "token": "2242", "token_type": 4, "extras": "Pqr@its0k.com", "expire_date": "2018-04-06T08:26:12.991Z"}}, {"model": "accounts.usersecuritytoken", "pk": 55, "fields": {"user": 5, "token": "9057", "token_type": 3, "extras": "einstein.prince@gmail.com", "expire_date": "2018-04-06T06:33:38.866Z"}}, {"model": "accounts.usersecuritytoken", "pk": 56, "fields": {"user": 5, "token": "4585", "token_type": 4, "extras": "einstein.prince@gmail.com", "expire_date": "2018-04-06T08:29:37.629Z"}}, {"model": "accounts.usersecuritytoken", "pk": 57, "fields": {"user": 5, "token": "1353", "token_type": 3, "extras": "einstein.prince@gmail.com", "expire_date": "2018-04-06T06:34:12.705Z"}}, {"model": "accounts.usersecuritytoken", "pk": 58, "fields": {"user": 5, "token": "4128", "token_type": 4, "extras": "einstein.prince@gmail.com", "expire_date": "2018-04-06T08:34:12.759Z"}}, {"model": "accounts.usersecuritytoken", "pk": 59, "fields": {"user": 11, "token": "4789", "token_type": 3, "extras": "xyz@its0k.com", "expire_date": "2018-04-06T06:58:23.462Z"}}, {"model": "accounts.usersecuritytoken", "pk": 60, "fields": {"user": null, "token": "1696", "token_type": 4, "extras": "xyz@its0k.com", "expire_date": "2018-04-06T08:51:44.166Z"}}, {"model": "accounts.usersecuritytoken", "pk": 61, "fields": {"user": 11, "token": "7645", "token_type": 3, "extras": "xyz@its0k.com", "expire_date": "2018-04-06T06:58:58.568Z"}}, {"model": "accounts.usersecuritytoken", "pk": 62, "fields": {"user": null, "token": "8338", "token_type": 4, "extras": "xyz@its0k.com", "expire_date": "2018-04-06T08:58:58.578Z"}}, {"model": "accounts.usersecuritytoken", "pk": 63, "fields": {"user": 13, "token": "5943", "token_type": 2, "extras": "Test@not0k.com", "expire_date": "2018-04-09T12:28:11.026Z"}}, {"model": "accounts.usersecuritytoken", "pk": 64, "fields": {"user": 14, "token": "6026", "token_type": 2, "extras": "Aas@not0k.com", "expire_date": "2018-04-09T13:41:21.207Z"}}, {"model": "accounts.usersecuritytoken", "pk": 65, "fields": {"user": 14, "token": "3521", "token_type": 2, "extras": "Aas@not0k.com", "expire_date": "2018-04-09T13:42:44.767Z"}}, {"model": "accounts.usersecuritytoken", "pk": 66, "fields": {"user": 14, "token": "7018", "token_type": 2, "extras": "Aas@not0k.com", "expire_date": "2018-04-09T13:42:44.834Z"}}, {"model": "accounts.usersecuritytoken", "pk": 67, "fields": {"user": 14, "token": "8130", "token_type": 2, "extras": "Aas@not0k.com", "expire_date": "2018-04-09T11:44:00.366Z"}}, {"model": "accounts.usersecuritytoken", "pk": 68, "fields": {"user": 14, "token": "2758", "token_type": 4, "extras": "Aas@not0k.com", "expire_date": "2018-04-09T13:44:00.418Z"}}, {"model": "accounts.usersecuritytoken", "pk": 69, "fields": {"user": 98, "token": "9006", "token_type": 3, "extras": "rajan.singh@netsolutions.com", "expire_date": "2018-04-16T09:02:45.048Z"}}, {"model": "accounts.usersecuritytoken", "pk": 70, "fields": {"user": 98, "token": "2429", "token_type": 3, "extras": "rajan.singh@netsolutions.com", "expire_date": "2018-04-16T09:02:45.048Z"}}, {"model": "accounts.usersecuritytoken", "pk": 71, "fields": {"user": 98, "token": "2004", "token_type": 3, "extras": "rajan.singh@netsolutions.com", "expire_date": "2018-04-16T09:02:45.048Z"}}, {"model": "accounts.usersecuritytoken", "pk": 72, "fields": {"user": 98, "token": "3885", "token_type": 3, "extras": "rajan.singh@netsolutions.com", "expire_date": "2018-04-16T09:02:45.048Z"}}, {"model": "accounts.usersecuritytoken", "pk": 73, "fields": {"user": 98, "token": "9694", "token_type": 3, "extras": "rajan.singh@netsolutions.com", "expire_date": "2018-04-16T09:02:45.048Z"}}, {"model": "accounts.usersecuritytoken", "pk": 74, "fields": {"user": 98, "token": "7255", "token_type": 3, "extras": "rajan.singh@netsolutions.com", "expire_date": "2018-04-16T09:02:45.048Z"}}, {"model": "accounts.usersecuritytoken", "pk": 75, "fields": {"user": 98, "token": "6933", "token_type": 3, "extras": "rajan.singh@netsolutions.com", "expire_date": "2018-04-16T09:02:45.048Z"}}, {"model": "accounts.usersecuritytoken", "pk": 76, "fields": {"user": 98, "token": "7543", "token_type": 3, "extras": "rajan.singh@netsolutions.com", "expire_date": "2018-04-16T09:02:45.048Z"}}, {"model": "accounts.usersecuritytoken", "pk": 77, "fields": {"user": 15, "token": "6072", "token_type": 2, "extras": "Aar@0hboy.com", "expire_date": "2018-04-10T08:09:41.381Z"}}, {"model": "accounts.usersecuritytoken", "pk": 78, "fields": {"user": 15, "token": "7718", "token_type": 2, "extras": "Aar@0hboy.com", "expire_date": "2018-04-10T06:10:21.066Z"}}, {"model": "accounts.usersecuritytoken", "pk": 79, "fields": {"user": 15, "token": "7142", "token_type": 4, "extras": "Aar@0hboy.com", "expire_date": "2018-04-10T08:10:21.071Z"}}, {"model": "accounts.usersecuritytoken", "pk": 80, "fields": {"user": 15, "token": "8428", "token_type": 3, "extras": "Aar@0hboy.com", "expire_date": "2018-04-10T06:51:00.667Z"}}, {"model": "accounts.usersecuritytoken", "pk": 81, "fields": {"user": 15, "token": "6054", "token_type": 3, "extras": "Aar@0hboy.com", "expire_date": "2018-04-10T06:51:00.667Z"}}, {"model": "accounts.usersecuritytoken", "pk": 82, "fields": {"user": 15, "token": "6587", "token_type": 3, "extras": "Aar@0hboy.com", "expire_date": "2018-04-10T06:51:00.667Z"}}, {"model": "accounts.usersecuritytoken", "pk": 83, "fields": {"user": 15, "token": "5022", "token_type": 3, "extras": "Aar@0hboy.com", "expire_date": "2018-04-10T08:51:00.647Z"}}, {"model": "accounts.usersecuritytoken", "pk": 84, "fields": {"user": 98, "token": "2011", "token_type": 3, "extras": "rajan.singh@netsolutions.com", "expire_date": "2018-04-16T09:02:45.048Z"}}, {"model": "accounts.usersecuritytoken", "pk": 85, "fields": {"user": 98, "token": "9346", "token_type": 3, "extras": "rajan.singh@netsolutions.com", "expire_date": "2018-04-16T09:02:45.048Z"}}, {"model": "accounts.usersecuritytoken", "pk": 86, "fields": {"user": 98, "token": "5018", "token_type": 3, "extras": "rajan.singh@netsolutions.com", "expire_date": "2018-04-16T09:02:45.048Z"}}, {"model": "accounts.usersecuritytoken", "pk": 87, "fields": {"user": 98, "token": "4677", "token_type": 3, "extras": "rajan.singh@netsolutions.com", "expire_date": "2018-04-16T09:02:45.048Z"}}, {"model": "accounts.usersecuritytoken", "pk": 88, "fields": {"user": 98, "token": "4338", "token_type": 3, "extras": "rajan.singh@netsolutions.com", "expire_date": "2018-04-16T09:02:45.048Z"}}, {"model": "accounts.usersecuritytoken", "pk": 89, "fields": {"user": 34, "token": "5847", "token_type": 2, "extras": "Mybook@0hdear.com", "expire_date": "2018-04-16T07:47:31.664Z"}}, {"model": "accounts.usersecuritytoken", "pk": 90, "fields": {"user": 34, "token": "2212", "token_type": 4, "extras": "Mybook@0hdear.com", "expire_date": "2018-04-16T09:47:31.664Z"}}, {"model": "accounts.usersecuritytoken", "pk": 91, "fields": {"user": 34, "token": "6338", "token_type": 3, "extras": "Mybook@0hdear.com", "expire_date": "2018-04-16T07:54:02.127Z"}}, {"model": "accounts.usersecuritytoken", "pk": 92, "fields": {"user": 34, "token": "5133", "token_type": 4, "extras": "Mybook@0hdear.com", "expire_date": "2018-04-16T09:50:34.311Z"}}, {"model": "accounts.usersecuritytoken", "pk": 93, "fields": {"user": 34, "token": "8076", "token_type": 3, "extras": "Mybook@0hdear.com", "expire_date": "2018-04-16T09:54:02.075Z"}}, {"model": "accounts.usersecuritytoken", "pk": 94, "fields": {"user": 98, "token": "4117", "token_type": 3, "extras": "rajan.singh@netsolutions.com", "expire_date": "2018-04-16T09:02:45.048Z"}}, {"model": "accounts.usersecuritytoken", "pk": 95, "fields": {"user": 98, "token": "4477", "token_type": 3, "extras": "rajan.singh@netsolutions.com", "expire_date": "2018-04-16T09:02:45.048Z"}}, {"model": "accounts.usersecuritytoken", "pk": 96, "fields": {"user": 98, "token": "3665", "token_type": 3, "extras": "rajan.singh@netsolutions.com", "expire_date": "2018-04-16T11:02:45.007Z"}}, {"model": "accounts.address", "pk": 3, "fields": {"user": 1, "house_no": "412", "landmark": null, "pincode": "140603", "city": "Chandigarh", "state": "Punjab", "country": "India"}}, {"model": "accounts.address", "pk": 5, "fields": {"user": 99, "house_no": "402", "landmark": null, "pincode": "140603", "city": "Zirakpur", "state": "Punjab", "country": "India"}}, {"model": "accounts.address", "pk": 7, "fields": {"user": 98, "house_no": "402", "landmark": null, "pincode": "140603", "city": "Zirakpur", "state": "Punjab", "country": "India"}}]